Buiscut,Biscuit
Diary milk,Dairy Milk
Egg,Efg
sweet curd,misti,sweetcurd
sweet curd,misti,sweetcurd
ami,amy,amul,amo
ami,amy,amul,amo
Bisc,Buis
Chi,Xhi
riv,ric
pab,pan
cic,cig,cif,cih,cug,cir,cog
cic,cig,cif,cih,cug,cir,cog
cic,cig,cif,cih,cug,cir,cog
cic,cig,cif,cih,cug,cir,cog
cic,cig,cif,cih,cug,cir,cog
oni,ono
cue,cur
sug,suh
lim,kim
som,son
wat,way
buj,bui
ive,ice,i've
ive,ice,i've
bre,brr
yog,you
bus,bis
amumilk,amul milk,ammilk
amumilk,amul milk,ammilk
Amul ice cream,Amuicecream,Amulicecream
Amul ice cream,Amuicecream,Amulicecream
aloo,ali
agg,ehg,eggs
agg,ehg,eggs
mlk,milk
Urdu,urad
NandiniCurd,Nandini Curd,NanCurd
NandiniCurd,Nandini Curd,NanCurd
Jagerr,jagger
Vannila,vanilla
Spr,spt
Kotha,Kothm
cox,coc,coxnut,coconut
cox,coc,coxnut,coconut
sul,suk
kiw,kiv
tatasalt,tata salt,tasalt
tatasalt,tata salt,tasalt
ami,amu
ricebr,ricebran,rice bran
ricebr,ricebran,rice bran
LED Lights,electric
nandhinimilk,nandini milk,nandinimilk
nandhinimilk,nandini milk,nandinimilk
bournvilldark,bournvdark,bournville dark,bordark
bournvilldark,bournvdark,bournville dark,bordark
bournvilldark,bournvdark,bournville dark,bordark
allou,all out
aelov,aleovera,aloe vera,aleov
aelov,aleovera,aloe vera,aleov
aelov,aleovera,aloe vera,aleov
supari,mouth freshner
plastic bags,garbage bag,plasticbags
plastic bags,garbage bag,plasticbags
dry fruits,Dried Fruits,dryfruits
dry fruits,Dried Fruits,dryfruits
amul cream,amulcream
amul butter,amulbutter
fresh vegetables,veggies
vegetable,fresh vegetables
fresh fruits,fruit,fruits
fresh fruits,fruits
milk,doodh
gingerale,ginger ale
Buiscut,Biscuit
Diary milk,Dairy Milk
Egg,Efg
sweet curd,misti,sweetcurd
sweet curd,misti,sweetcurd
ami,amy,amul,amo
ami,amy,amul,amo
Bisc,Buis
Chi,Xhi
riv,ric
pab,pan
cic,cig,cif,cih,cug,cir,cog
cic,cig,cif,cih,cug,cir,cog
cic,cig,cif,cih,cug,cir,cog
cic,cig,cif,cih,cug,cir,cog
cic,cig,cif,cih,cug,cir,cog
oni,ono
cue,cur
sug,suh
lim,kim
som,son
wat,way
buj,bui
ive,ice,i've
ive,ice,i've
bre,brr
yog,you
bus,bis
amumilk,amul milk,ammilk
amumilk,amul milk,ammilk
Amul ice cream,Amuicecream,Amulicecream
Amul ice cream,Amuicecream,Amulicecream
aloo,ali
agg,ehg,eggs
agg,ehg,eggs
mlk,milk
Urdu,urad
NandiniCurd,Nandini Curd,NanCurd
NandiniCurd,Nandini Curd,NanCurd
Jagerr,jagger
Vannila,vanilla
Spr,spt
Kotha,Kothm
cox,coc,coxnut,coconut
cox,coc,coxnut,coconut
sul,suk
kiw,kiv
tatasalt,tata salt,tasalt
tatasalt,tata salt,tasalt
ami,amu
ricebr,ricebran,rice bran
ricebr,ricebran,rice bran
LED Lights,electric
nandhinimilk,nandini milk,nandinimilk
nandhinimilk,nandini milk,nandinimilk
bournvilldark,bournvdark,bournville dark,bordark
bournvilldark,bournvdark,bournville dark,bordark
bournvilldark,bournvdark,bournville dark,bordark
allou,all out
aelov,aleovera,aloe vera,aleov
aelov,aleovera,aloe vera,aleov
aelov,aleovera,aloe vera,aleov
supari,mouth freshner
plastic bags,garbage bag,plasticbags
plastic bags,garbage bag,plasticbags
dry fruits,Dried Fruits,dryfruits
dry fruits,Dried Fruits,dryfruits
amul cream,amulcream
amul butter,amulbutter
fresh vegetables,veggies
vegetable,fresh vegetables
fresh fruits,fruit,fruits
fresh fruits,fruits
milk,doodh
gingerale,ginger ale
